{
  "dataset_csv": "E:\\ML\\MRI_pause_Classification\\classification\\multimodal_training_dataset.csv",
  "num_features": 10,
  "train_rows": 1033,
  "test_rows": 215,
  "cv_accuracy_mean": 0.9275020642279426,
  "cv_f1_macro_mean": 0.9267503801603493,
  "cv_f1_weighted_mean": 0.9276517482523859,
  "cv_balanced_accuracy_mean": 0.9290957950410161,
  "test_classification_report": {
    "2": {
      "precision": 0.9111111111111111,
      "recall": 0.9461538461538461,
      "f1-score": 0.9283018867924528,
      "support": 130.0
    },
    "3": {
      "precision": 0.9125,
      "recall": 0.8588235294117647,
      "f1-score": 0.8848484848484849,
      "support": 85.0
    },
    "accuracy": 0.9116279069767442,
    "macro avg": {
      "precision": 0.9118055555555555,
      "recall": 0.9024886877828053,
      "f1-score": 0.9065751858204689,
      "support": 215.0
    },
    "weighted avg": {
      "precision": 0.9116602067183464,
      "recall": 0.9116279069767442,
      "f1-score": 0.9111226348611167,
      "support": 215.0
    }
  },
  "test_confusion_matrix": [
    [
      123,
      7
    ],
    [
      12,
      73
    ]
  ],
  "feature_columns": [
    "pause_count",
    "total_speech_time",
    "total_pause_time",
    "mean_word_duration",
    "speech_rate_wpm",
    "pause_per_word_ratio",
    "mri_prob_mild_impairment",
    "mri_prob_moderate_impairment",
    "mri_prob_no_impairment",
    "mri_prob_very_mild_impairment"
  ]
}